{
  "best_epoch": 1,
  "peak_cpu_memory_MB": 1205.448,
  "training_duration": "3:23:33.539625",
  "training_start_epoch": 0,
  "training_epochs": 5,
  "epoch": 5,
  "training_accuracy": 0.7549157303370787,
  "training_precision": 0.7780082821846008,
  "training_recall": 0.6868131756782532,
  "training_f1_measure": 0.7295719981193542,
  "training_loss": 0.6223284479384119,
  "training_cpu_memory_MB": 1203.692,
  "validation_accuracy": 0.4332425068119891,
  "validation_precision": 0.38679245114326477,
  "validation_recall": 0.2949640154838562,
  "validation_f1_measure": 0.3346938490867615,
  "validation_loss": 1.4887025477229685,
  "best_validation_accuracy": 0.4732061762034514,
  "best_validation_precision": 0.5384615659713745,
  "best_validation_recall": 0.050359711050987244,
  "best_validation_f1_measure": 0.09210525453090668,
  "best_validation_loss": 1.2030567976011746
}