{
  "best_epoch": 1,
  "peak_cpu_memory_MB": 1265.372,
  "training_duration": "1:32:27.780925",
  "training_start_epoch": 0,
  "training_epochs": 10,
  "epoch": 10,
  "training_accuracy": 0.9772940074906367,
  "training_precision": 0.9879962801933289,
  "training_recall": 0.9798534512519836,
  "training_f1_measure": 0.9839079976081848,
  "training_loss": 0.08094108652062061,
  "training_cpu_memory_MB": 1265.372,
  "validation_accuracy": 0.46866485013623976,
  "validation_precision": 0.40816327929496765,
  "validation_recall": 0.28776979446411133,
  "validation_f1_measure": 0.3375527262687683,
  "validation_loss": 2.498823536408914,
  "best_validation_accuracy": 0.47956403269754766,
  "best_validation_precision": 0.5,
  "best_validation_recall": 0.41726619005203247,
  "best_validation_f1_measure": 0.45490196347236633,
  "best_validation_loss": 1.2032559079092902
}