{
  "best_epoch": 13,
  "peak_cpu_memory_MB": 1626.76,
  "training_duration": "5:34:45.796839",
  "training_start_epoch": 0,
  "training_epochs": 17,
  "epoch": 17,
  "training_accuracy": 0.47073970037453183,
  "training_precision": 0.4521739184856415,
  "training_recall": 0.1428571492433548,
  "training_f1_measure": 0.2171190083026886,
  "training_loss": 1.1849005188975301,
  "training_cpu_memory_MB": 1626.76,
  "validation_accuracy": 0.4477747502270663,
  "validation_precision": 0.5211267471313477,
  "validation_recall": 0.26618704199790955,
  "validation_f1_measure": 0.3523809313774109,
  "validation_loss": 1.2388630289780467,
  "best_validation_accuracy": 0.46866485013623976,
  "best_validation_precision": 0.5555555820465088,
  "best_validation_recall": 0.07194244861602783,
  "best_validation_f1_measure": 0.12738853693008423,
  "best_validation_loss": 1.1967426099275287
}