{
  "best_epoch": 1,
  "peak_cpu_memory_MB": 1271.248,
  "training_duration": "0:47:52.264448",
  "training_start_epoch": 0,
  "training_epochs": 5,
  "epoch": 5,
  "training_accuracy": 0.8384831460674157,
  "training_precision": 0.8633301258087158,
  "training_recall": 0.8214285969734192,
  "training_f1_measure": 0.8418583869934082,
  "training_loss": 0.4493589868148168,
  "training_cpu_memory_MB": 1268.112,
  "validation_accuracy": 0.4604904632152589,
  "validation_precision": 0.4406779706478119,
  "validation_recall": 0.3741007149219513,
  "validation_f1_measure": 0.40466925501823425,
  "validation_loss": 1.5574862022657652,
  "best_validation_accuracy": 0.47956403269754766,
  "best_validation_precision": 0.5,
  "best_validation_recall": 0.41726619005203247,
  "best_validation_f1_measure": 0.45490196347236633,
  "best_validation_loss": 1.2032559079092902
}