{
  "best_epoch": 1,
  "peak_cpu_memory_MB": 1119.096,
  "training_duration": "1:09:07.755539",
  "training_start_epoch": 0,
  "training_epochs": 5,
  "epoch": 5,
  "training_accuracy": 0.8438670411985019,
  "training_precision": 0.8590733408927917,
  "training_recall": 0.8150182962417603,
  "training_f1_measure": 0.8364661931991577,
  "training_loss": 0.43762133175625784,
  "training_cpu_memory_MB": 1119.096,
  "validation_accuracy": 0.44868301544050865,
  "validation_precision": 0.4054054021835327,
  "validation_recall": 0.32374101877212524,
  "validation_f1_measure": 0.36000001430511475,
  "validation_loss": 1.5681047102679377,
  "best_validation_accuracy": 0.4977293369663942,
  "best_validation_precision": 0.5,
  "best_validation_recall": 0.11510791629552841,
  "best_validation_f1_measure": 0.1871345192193985,
  "best_validation_loss": 1.177870562111122
}