{
  "best_epoch": 13,
  "peak_cpu_memory_MB": 2435.004,
  "training_duration": "5:17:33.328883",
  "training_start_epoch": 0,
  "training_epochs": 17,
  "epoch": 17,
  "training_accuracy": 0.5049157303370787,
  "training_precision": 0.5390173196792603,
  "training_recall": 0.34157508611679077,
  "training_f1_measure": 0.41816142201423645,
  "training_loss": 1.1193093693078453,
  "training_cpu_memory_MB": 2435.004,
  "validation_accuracy": 0.4732061762034514,
  "validation_precision": 0.47651007771492004,
  "validation_recall": 0.5107913613319397,
  "validation_f1_measure": 0.4930555522441864,
  "validation_loss": 1.2226963705486722,
  "best_validation_accuracy": 0.4768392370572207,
  "best_validation_precision": 0.5873016119003296,
  "best_validation_recall": 0.26618704199790955,
  "best_validation_f1_measure": 0.3663366138935089,
  "best_validation_loss": 1.1939815282821655
}